Frame,Cluster
1,0
2,3
3,0
4,3
5,3
6,3
7,3
8,1
9,3
10,3
11,1
12,0
13,1
14,1
15,3
16,0
17,3
18,0
19,5
20,5
21,5
22,3
23,1
24,3
25,1
26,3
27,3
28,3
29,3
30,3
31,4
32,3
33,5
34,3
35,0
36,3
37,2
38,1
39,3
40,3
41,2
42,5
43,5
44,1
45,1
46,0
47,0
48,1
49,1
50,1
51,0
52,0
53,0
54,1
55,1
56,1
57,3
58,3
59,5
60,1
61,3
62,3
63,5
64,5
65,3
66,0
67,1
68,3
69,0
70,0
71,1
72,1
73,3
74,3
75,3
76,5
77,5
78,5
79,5
80,2
81,2
82,5
83,2
84,3
85,3
86,0
87,1
88,3
89,1
90,1
91,5
92,3
93,1
94,3
95,3
96,3
97,1
98,3
99,1
100,1
101,4
102,4
103,5
104,3
105,5
106,3
107,3
108,3
109,5
110,5
111,1
112,5
113,3
114,3
115,3
116,3
117,4
118,5
119,5
120,3
121,2
122,5
123,3
124,3
125,1
126,3
127,2
128,0
129,3
130,3
131,2
132,1
133,1
134,3
135,1
136,5
137,5
138,5
139,5
140,5
141,5
142,5
143,1
144,1
145,1
146,5
147,5
148,3
149,3
150,1
151,1
152,5
153,5
154,4
155,4
156,4
157,0
158,2
159,5
160,5
161,5
162,5
163,3
164,4
165,4
166,3
167,4
168,3
169,5
170,4
171,4
172,5
173,4
174,4
175,4
176,5
177,4
178,4
179,5
180,5
181,3
182,5
183,0
184,5
185,0
186,3
187,1
188,3
189,4
190,4
191,4
192,4
193,0
194,4
195,5
196,4
197,4
198,0
199,5
200,5
201,5
202,4
203,2
204,2
205,4
206,4
207,2
208,4
209,4
210,4
211,4
212,4
213,0
214,5
215,3
216,0
217,0
218,2
219,2
220,0
221,0
222,2
223,5
224,0
225,0
226,2
227,4
228,5
229,1
230,5
231,5
232,1
233,0
234,2
235,2
236,0
237,0
238,4
239,0
240,4
241,5
242,3
243,4
244,4
245,4
246,4
247,4
248,5
249,4
250,4
251,4
252,5
253,5
254,5
255,4
256,2
257,4
258,5
259,3
260,3
261,5
262,1
263,1
264,5
265,3
266,3
267,5
268,3
269,3
270,3
271,5
272,3
273,5
274,0
275,0
276,0
277,4
278,5
279,3
280,3
281,2
282,4
283,4
284,4
285,3
286,3
287,3
288,3
289,3
290,2
291,2
292,5
293,0
294,2
295,0
296,5
297,5
298,1
299,5
300,1
301,0
302,5
303,5
304,2
305,2
306,3
307,1
308,5
309,5
310,5
311,5
312,1
313,5
314,5
315,1
316,3
317,5
318,4
319,2
320,3
321,2
322,2
323,0
324,1
325,0
326,2
327,0
328,2
329,0
330,2
331,1
332,0
333,0
334,3
335,4
336,1
337,1
338,0
339,1
340,0
341,1
342,1
343,5
344,4
345,1
346,5
347,5
348,1
349,1
350,1
351,1
352,1
353,1
354,1
355,0
356,0
357,1
358,1
359,2
360,2
361,5
362,5
363,5
364,1
365,1
366,1
367,1
368,5
369,2
370,0
371,1
372,1
373,1
374,1
375,5
376,5
377,5
378,3
379,0
380,2
381,5
382,5
383,2
384,0
385,2
386,5
387,0
388,3
389,1
390,5
391,3
392,2
393,0
394,1
395,3
396,1
397,5
398,1
399,3
400,5
401,1
402,1
403,1
404,1
405,3
406,2
407,1
408,1
409,1
410,3
411,2
412,1
413,1
414,1
415,1
416,1
417,1
418,3
419,2
420,2
421,0
422,1
423,0
424,2
425,0
426,3
427,3
428,3
429,1
430,1
431,1
432,3
433,1
434,1
435,3
436,1
437,2
438,1
439,1
440,2
441,4
442,1
443,1
444,1
445,1
446,1
447,0
448,1
449,2
450,3
451,1
452,2
453,3
454,5
455,1
456,0
457,1
458,0
459,1
460,5
461,1
462,3
463,1
464,1
465,0
466,5
467,2
468,3
469,0
470,0
471,2
472,2
473,2
474,1
475,1
476,0
477,0
478,2
479,5
480,1
481,3
482,1
483,1
484,3
485,5
486,3
487,3
488,1
489,1
490,3
491,3
492,1
493,1
494,3
495,3
496,1
497,5
498,3
499,1
500,5
501,3
502,1
503,5
504,1
505,3
506,3
507,3
508,5
509,3
510,3
511,1
512,3
513,3
514,1
515,3
516,1
517,1
518,1
519,2
520,3
521,3
522,2
523,1
524,1
525,1
526,1
527,0
528,1
529,0
530,0
531,0
532,0
533,1
534,2
535,2
536,3
537,2
538,1
539,1
540,1
541,1
542,1
543,1
544,3
545,3
546,1
547,3
548,1
549,1
550,1
551,1
552,1
553,1
554,1
555,2
556,2
557,3
558,3
559,3
560,3
561,3
562,0
563,1
564,2
565,0
566,3
567,1
568,1
569,1
570,2
571,2
572,3
573,1
574,3
575,3
576,0
577,3
578,2
579,1
580,1
581,1
582,3
583,1
584,1
585,1
586,1
587,1
588,1
589,1
590,1
591,1
592,1
593,4
594,3
595,3
596,1
597,5
598,5
599,3
600,3
601,1
602,0
603,3
604,1
605,1
606,1
607,1
608,1
609,1
610,3
611,1
612,2
613,1
614,1
615,1
616,3
617,1
618,5
619,1
620,5
621,5
622,3
623,5
624,1
625,5
626,2
627,2
628,3
629,3
630,1
631,1
632,3
633,1
634,1
635,3
636,1
637,1
638,2
639,1
640,1
641,1
642,1
643,1
644,1
645,1
646,3
647,5
648,0
649,5
650,1
651,2
652,5
653,3
654,3
655,3
656,5
657,3
658,1
659,2
660,2
661,1
662,2
663,2
664,1
665,3
666,3
667,1
668,1
669,1
670,5
671,3
672,3
673,5
674,1
675,3
676,1
677,1
678,3
679,1
680,1
681,1
682,3
683,3
684,3
685,1
686,1
687,3
688,1
689,3
690,1
691,4
692,1
693,3
694,1
695,3
696,3
697,3
698,5
699,4
700,5
701,0
702,3
703,5
704,5
705,4
706,3
707,4
708,5
709,5
710,4
711,5
712,3
713,3
714,3
715,3
716,3
717,3
718,1
719,1
720,1
721,1
722,1
723,1
724,1
725,5
726,1
727,1
728,2
729,4
730,4
731,4
732,4
733,0
734,3
735,1
736,3
737,1
738,1
739,1
740,4
741,3
742,4
743,4
744,4
745,1
746,3
747,1
748,1
749,1
750,1
751,4
752,1
753,1
754,1
755,1
756,0
757,1
758,1
759,2
760,5
761,3
762,1
763,0
764,0
765,0
766,0
767,0
768,3
769,0
770,1
771,2
772,1
773,3
774,5
775,1
776,1
777,5
778,3
779,3
780,0
781,3
782,3
783,0
784,0
785,0
786,3
787,3
788,1
789,5
790,3
791,0
792,0
793,0
794,1
795,1
796,3
797,3
798,1
799,1
800,1
801,1
802,3
803,3
804,0
805,0
806,0
807,0
808,5
809,3
810,5
811,1
812,1
813,1
814,3
815,5
816,5
817,5
818,5
819,5
820,3
821,3
822,3
823,3
824,3
825,3
826,5
827,0
828,5
829,1
830,0
831,3
832,0
833,0
834,1
835,0
836,0
837,1
838,2
839,2
840,3
841,2
842,1
843,2
844,3
845,3
846,1
847,1
848,1
849,1
850,0
851,3
852,3
853,3
854,1
855,3
856,1
857,5
858,0
859,0
860,5
861,0
862,0
863,0
864,0
865,0
866,0
867,5
868,5
869,5
870,5
871,1
872,1
873,1
874,1
875,1
876,1
877,1
878,1
879,3
880,0
881,1
882,1
883,5
884,1
885,5
886,2
887,1
888,1
889,1
890,3
891,3
892,3
893,3
894,4
895,4
896,3
897,3
898,3
899,3
900,5
901,0
902,3
903,3
904,0
905,3
906,1
907,0
908,3
909,3
910,3
911,0
912,5
913,2
914,3
915,2
916,3
917,2
918,3
919,4
920,3
921,3
922,3
923,3
924,3
925,5
926,3
927,4
928,3
929,4
930,3
931,3
932,3
933,3
934,2
935,1
936,1
937,1
938,1
939,3
940,4
941,4
942,5
943,0
944,0
945,0
946,5
947,3
948,5
949,0
950,3
951,3
952,3
953,3
954,3
955,3
956,4
957,4
958,2
959,5
960,5
961,4
962,4
963,5
964,4
965,5
966,5
967,3
968,3
969,5
970,5
971,3
972,3
973,5
974,3
975,3
976,5
977,5
978,3
979,5
980,0
981,3
982,0
983,5
984,5
985,0
986,0
987,3
988,0
989,3
990,3
991,3
992,3
993,3
994,0
995,3
996,3
997,3
998,3
999,0
1000,3
1001,3
1002,3
1003,0
1004,3
1005,3
1006,0
1007,0
1008,0
1009,5
1010,5
1011,0
1012,0
1013,0
1014,0
1015,0
1016,2
1017,0
1018,5
1019,5
1020,5
1021,5
1022,3
1023,5
1024,5
1025,0
1026,2
1027,2
1028,2
1029,2
1030,5
1031,0
1032,0
1033,5
1034,3
1035,5
1036,5
1037,5
1038,5
1039,5
1040,0
1041,0
1042,0
1043,0
1044,5
1045,5
1046,5
1047,5
1048,5
1049,5
1050,5
1051,5
1052,5
1053,5
1054,5
1055,3
1056,2
1057,3
1058,4
1059,3
1060,3
1061,3
1062,3
1063,0
1064,4
1065,4
1066,0
1067,0
1068,4
1069,4
1070,3
1071,3
1072,0
1073,3
1074,3
1075,3
1076,5
1077,0
1078,0
1079,3
1080,3
1081,3
1082,0
1083,5
1084,5
1085,0
1086,0
1087,0
1088,2
1089,2
1090,2
1091,3
1092,2
1093,3
1094,0
1095,3
1096,2
1097,2
1098,1
1099,0
1100,3
1101,3
1102,3
1103,1
1104,1
1105,1
1106,1
1107,3
1108,3
1109,2
1110,0
1111,1
1112,3
1113,3
1114,3
1115,3
1116,1
1117,3
1118,5
1119,0
1120,1
1121,0
1122,0
1123,0
1124,1
1125,0
1126,0
1127,5
1128,2
1129,5
1130,2
1131,2
1132,3
1133,3
1134,3
1135,3
1136,3
1137,3
1138,3
1139,3
1140,3
1141,4
1142,0
1143,0
1144,4
1145,3
1146,4
1147,0
1148,0
1149,3
1150,0
1151,0
1152,0
1153,0
1154,0
1155,0
1156,3
1157,3
1158,3
1159,3
1160,1
1161,3
1162,3
1163,3
1164,3
1165,0
1166,0
1167,3
1168,4
1169,4
1170,3
1171,4
1172,3
1173,4
1174,3
1175,0
1176,0
1177,1
1178,1
1179,3
1180,1
1181,0
1182,0
1183,4
1184,0
1185,4
1186,0
1187,4
1188,4
1189,1
1190,3
1191,3
1192,4
1193,1
1194,1
1195,0
1196,0
1197,1
1198,0
1199,1
1200,1
1201,1
1202,2
1203,2
1204,2
1205,4
1206,2
1207,1
1208,3
1209,3
1210,3
1211,4
1212,3
1213,3
1214,2
1215,3
1216,2
1217,4
1218,1
1219,1
1220,2
1221,2
1222,1
1223,3
1224,1
1225,3
1226,2
1227,5
1228,2
1229,3
1230,3
1231,3
1232,3
1233,2
1234,1
1235,2
1236,3
1237,1
1238,1
1239,4
1240,5
1241,2
1242,2
1243,4
1244,3
1245,1
1246,4
1247,4
1248,4
1249,1
1250,4
1251,3
1252,4
1253,4
1254,4
1255,1
1256,1
1257,1
1258,4
1259,4
1260,4
1261,4
1262,1
1263,4
1264,0
1265,2
1266,2
1267,0
1268,3
1269,1
1270,0
1271,2
1272,3
1273,0
1274,3
1275,3
1276,4
1277,4
1278,3
1279,3
1280,1
1281,4
1282,4
1283,0
1284,0
1285,0
1286,0
1287,4
1288,2
1289,2
1290,2
1291,2
1292,4
1293,0
1294,4
1295,0
1296,2
1297,2
1298,2
1299,2
1300,2
1301,3
1302,3
1303,3
1304,2
1305,3
1306,3
1307,2
1308,2
1309,3
1310,5
1311,4
1312,5
1313,2
1314,2
1315,3
1316,2
1317,3
1318,0
1319,0
1320,0
1321,3
1322,5
1323,3
1324,3
1325,4
1326,3
1327,4
1328,3
1329,3
1330,2
1331,5
1332,3
1333,4
1334,1
1335,1
1336,1
1337,1
1338,3
1339,3
1340,3
1341,3
1342,3
1343,3
1344,3
1345,3
1346,2
1347,2
1348,2
1349,3
1350,3
1351,4
1352,3
1353,1
1354,1
1355,2
1356,4
1357,4
1358,5
1359,5
1360,4
1361,2
1362,0
1363,0
1364,2
1365,1
1366,1
1367,2
1368,5
1369,5
1370,3
1371,2
1372,5
1373,4
1374,5
1375,4
1376,4
1377,5
1378,5
1379,4
1380,4
1381,4
1382,4
1383,2
1384,1
1385,4
1386,2
1387,2
1388,4
1389,4
1390,4
1391,3
1392,2
1393,2
1394,3
1395,3
1396,0
1397,5
1398,1
1399,2
1400,0
1401,0
1402,4
1403,4
1404,5
1405,0
1406,0
1407,5
1408,2
1409,5
1410,4
1411,5
1412,5
1413,5
1414,5
1415,0
1416,5
1417,5
1418,4
1419,4
1420,2
1421,4
1422,4
1423,2
1424,4
1425,2
1426,2
1427,1
1428,1
1429,1
1430,4
1431,2
1432,5
1433,2
1434,2
1435,2
1436,5
1437,4
1438,5
1439,2
1440,4
1441,5
1442,2
1443,0
1444,5
1445,5
1446,5
1447,5
1448,0
1449,0
1450,0
1451,0
1452,5
1453,5
1454,2
1455,5
1456,2
1457,2
1458,2
1459,4
1460,0
1461,1
1462,1
1463,1
1464,5
1465,5
1466,5
1467,5
1468,4
1469,1
1470,4
1471,1
1472,3
1473,5
1474,3
1475,3
1476,3
1477,2
1478,5
1479,5
1480,1
1481,1
1482,1
1483,1
1484,5
1485,1
1486,5
1487,1
1488,1
1489,5
1490,5
1491,2
1492,2
1493,5
1494,5
1495,4
1496,4
1497,5
1498,5
1499,5
1500,0
1501,1
1502,1
1503,5
1504,5
1505,1
1506,1
1507,5
1508,5
1509,5
1510,5
1511,5
1512,5
1513,3
1514,5
1515,1
1516,3
1517,0
1518,3
1519,3
1520,3
1521,5
1522,1
1523,5
1524,4
1525,2
1526,0
1527,4
1528,2
1529,3
1530,2
1531,2
1532,0
1533,3
1534,2
1535,5
1536,3
1537,3
1538,3
1539,5
1540,4
1541,3
1542,5
1543,4
1544,4
1545,1
1546,4
1547,4
1548,4
1549,4
1550,4
1551,4
1552,4
1553,4
1554,4
1555,0
1556,4
1557,4
1558,1
1559,1
1560,1
1561,5
1562,4
1563,1
1564,4
1565,5
1566,5
1567,4
1568,3
1569,4
1570,4
1571,4
1572,4
1573,1
1574,4
1575,5
1576,4
1577,4
1578,3
1579,3
1580,3
1581,0
1582,3
1583,4
1584,1
1585,3
1586,3
1587,3
1588,4
1589,3
1590,4
1591,3
1592,3
1593,1
1594,1
1595,1
1596,4
1597,4
1598,4
1599,3
1600,3
1601,3
1602,3
1603,1
1604,4
1605,4
1606,4
1607,0
1608,4
1609,5
1610,1
1611,1
1612,3
1613,1
1614,3
1615,3
1616,1
1617,3
1618,3
1619,3
1620,1
1621,3
1622,1
1623,2
1624,2
1625,3
1626,3
1627,3
1628,1
1629,5
1630,1
1631,3
1632,1
1633,3
1634,3
1635,5
1636,3
1637,5
1638,3
1639,5
1640,1
1641,3
1642,3
1643,5
1644,1
1645,5
1646,1
1647,3
1648,1
1649,1
1650,2
1651,2
1652,5
1653,3
1654,4
1655,4
1656,2
1657,2
1658,4
1659,3
1660,4
1661,3
1662,3
1663,4
1664,4
1665,2
1666,1
1667,3
1668,3
1669,1
1670,3
1671,2
1672,3
1673,3
1674,3
1675,3
1676,3
1677,5
1678,2
1679,5
1680,2
1681,4
1682,4
1683,4
1684,4
1685,2
1686,3
1687,2
1688,3
1689,3
1690,2
1691,5
1692,0
1693,4
1694,4
1695,4
1696,5
1697,5
1698,0
1699,4
1700,3
1701,0
1702,4
1703,4
1704,3
1705,5
1706,3
1707,3
1708,3
1709,5
1710,3
1711,5
1712,4
1713,4
1714,4
1715,2
1716,2
1717,0
1718,4
1719,1
1720,0
1721,0
1722,1
1723,0
1724,3
1725,3
1726,0
1727,2
1728,0
1729,1
1730,3
1731,4
1732,5
1733,4
1734,4
1735,4
1736,4
1737,5
1738,5
1739,2
1740,2
1741,2
1742,1
1743,1
1744,2
1745,4
1746,0
1747,4
1748,3
1749,3
1750,0
1751,2
1752,0
1753,3
1754,0
1755,4
1756,4
1757,4
1758,3
1759,0
1760,0
1761,4
1762,3
1763,3
1764,3
1765,3
1766,3
1767,5
1768,3
1769,5
1770,5
1771,3
1772,4
1773,3
1774,4
1775,4
1776,0
1777,4
1778,4
1779,1
1780,4
1781,4
1782,1
1783,2
1784,2
1785,3
1786,3
1787,3
1788,2
1789,5
1790,3
1791,3
1792,4
1793,4
1794,1
1795,1
1796,1
1797,5
1798,0
1799,4
1800,0
1801,0
1802,3
1803,3
1804,4
1805,4
1806,4
1807,3
1808,4
1809,0
1810,3
1811,2
1812,0
1813,0
1814,3
1815,3
1816,3
1817,3
1818,3
1819,3
1820,4
1821,3
1822,5
1823,3
1824,5
1825,4
1826,4
1827,5
1828,3
1829,3
1830,4
1831,5
1832,2
1833,5
1834,2
1835,4
1836,2
1837,3
1838,3
1839,5
1840,3
1841,5
1842,5
1843,5
1844,5
1845,0
1846,0
1847,3
1848,1
1849,3
1850,3
1851,3
1852,3
1853,3
1854,1
1855,1
1856,4
1857,2
1858,3
1859,2
1860,0
1861,3
1862,5
1863,5
1864,5
1865,2
1866,2
1867,5
1868,5
1869,2
1870,3
1871,2
1872,4
1873,5
1874,4
1875,5
1876,5
1877,0
1878,4
1879,0
1880,4
1881,0
1882,4
1883,5
1884,2
1885,5
1886,5
1887,5
1888,4
1889,4
1890,5
1891,4
1892,2
1893,3
1894,4
1895,2
1896,2
1897,4
1898,2
1899,4
1900,2
1901,4
1902,4
1903,4
1904,1
1905,4
1906,4
1907,4
1908,4
1909,0
1910,4
1911,5
1912,5
1913,3
1914,5
1915,2
1916,5
1917,4
1918,4
1919,4
1920,5
1921,4
1922,4
1923,4
1924,3
1925,3
1926,4
1927,4
1928,4
1929,4
1930,0
1931,0
1932,0
1933,0
1934,5
1935,5
1936,0
1937,0
1938,0
1939,0
1940,4
1941,4
1942,4
1943,3
1944,1
1945,4
1946,4
1947,0
1948,4
1949,0
1950,0
1951,0
1952,4
1953,4
1954,0
1955,4
1956,4
1957,4
1958,4
1959,0
1960,4
1961,1
1962,0
1963,3
1964,0
1965,3
1966,3
1967,3
1968,0
1969,4
1970,3
1971,1
1972,0
1973,0
1974,0
1975,0
1976,3
1977,4
1978,3
1979,4
1980,4
1981,1
1982,1
1983,1
1984,4
1985,4
1986,4
1987,3
1988,0
1989,4
1990,3
1991,3
1992,3
1993,1
1994,1
1995,1
1996,1
1997,4
1998,4
1999,4
2000,3
2001,4
2002,0
2003,4
2004,4
2005,5
2006,3
2007,5
2008,3
2009,3
2010,1
2011,1
2012,3
2013,4
2014,1
2015,2
2016,4
2017,1
2018,4
2019,4
2020,5
2021,4
2022,3
2023,4
2024,4
2025,4
2026,4
2027,4
2028,4
2029,4
2030,3
2031,3
2032,0
2033,0
2034,4
2035,5
2036,4
2037,4
2038,3
2039,4
2040,4
2041,0
2042,4
2043,1
2044,1
2045,3
2046,1
2047,1
2048,1
2049,1
2050,1
2051,4
2052,1
2053,5
2054,5
2055,3
2056,1
2057,1
2058,5
2059,2
2060,4
2061,4
2062,4
2063,0
2064,2
2065,4
2066,4
2067,0
2068,0
2069,4
2070,0
2071,4
2072,4
2073,4
2074,4
2075,1
2076,1
2077,3
2078,3
2079,3
2080,4
2081,1
2082,3
2083,3
2084,3
2085,0
2086,5
2087,3
2088,3
2089,0
2090,5
2091,4
2092,5
2093,4
2094,5
2095,4
2096,0
2097,0
2098,4
2099,0
2100,0
2101,1
2102,0
2103,4
2104,1
2105,1
2106,1
2107,0
2108,4
2109,3
2110,5
2111,1
2112,5
2113,3
2114,1
2115,3
2116,3
2117,4
2118,4
2119,4
2120,0
2121,5
2122,4
2123,4
2124,4
2125,4
2126,0
2127,2
2128,4
2129,4
2130,4
2131,3
2132,2
2133,3
2134,4
2135,3
2136,5
2137,5
2138,0
2139,4
2140,0
2141,4
2142,0
2143,4
2144,4
2145,4
2146,1
2147,3
2148,3
2149,0
2150,0
2151,4
2152,5
2153,5
2154,4
2155,4
2156,4
2157,5
2158,4
2159,4
2160,0
2161,4
2162,4
2163,1
2164,4
2165,4
2166,2
2167,2
2168,4
2169,1
2170,5
2171,0
2172,2
2173,4
2174,0
2175,0
2176,4
2177,4
2178,4
2179,4
2180,4
2181,4
2182,4
2183,5
2184,3
2185,4
2186,4
2187,4
2188,5
2189,5
2190,5
2191,3
2192,5
2193,3
2194,0
2195,3
2196,4
2197,4
2198,0
2199,0
2200,3
2201,0
2202,5
2203,3
2204,5
2205,0
2206,5
2207,5
2208,0
2209,0
2210,4
2211,4
2212,4
2213,5
2214,5
2215,5
2216,5
2217,4
2218,5
2219,4
2220,2
2221,5
2222,5
2223,3
2224,3
2225,4
2226,1
2227,5
2228,1
2229,0
2230,3
2231,5
2232,5
2233,5
2234,3
2235,3
2236,5
2237,5
2238,4
2239,4
2240,5
2241,5
2242,5
2243,0
2244,5
2245,3
2246,0
2247,3
2248,5
2249,0
2250,0
2251,3
2252,3
2253,3
2254,3
2255,3
2256,1
2257,0
2258,4
2259,0
2260,4
2261,1
2262,4
2263,3
2264,4
2265,3
2266,0
2267,4
2268,4
2269,4
2270,3
2271,3
2272,4
2273,0
2274,0
2275,0
2276,1
2277,5
2278,5
2279,1
2280,1
2281,2
2282,2
2283,3
2284,3
2285,4
2286,3
2287,3
2288,3
2289,3
2290,3
2291,3
2292,0
2293,0
2294,0
2295,4
2296,3
2297,3
2298,2
2299,1
2300,3
2301,4
2302,4
2303,4
2304,4
2305,1
2306,3
2307,3
2308,1
2309,3
2310,3
2311,3
2312,5
2313,3
2314,3
2315,5
2316,2
2317,2
2318,0
2319,3
2320,1
2321,1
2322,1
2323,1
2324,1
2325,3
2326,1
2327,4
2328,1
2329,5
2330,1
2331,3
2332,1
2333,1
2334,1
2335,1
2336,3
2337,1
2338,4
2339,1
2340,2
2341,2
2342,2
2343,5
2344,5
2345,2
2346,1
2347,1
2348,1
2349,1
2350,1
2351,4
2352,4
2353,1
2354,4
2355,2
2356,2
2357,1
2358,4
2359,2
2360,1
2361,4
2362,0
2363,0
2364,3
2365,1
2366,4
2367,1
2368,1
2369,4
2370,4
2371,4
2372,4
2373,4
2374,3
2375,3
2376,4
2377,1
2378,3
2379,3
2380,4
2381,2
2382,5
2383,5
2384,1
2385,5
2386,4
2387,5
2388,2
2389,5
2390,5
2391,4
2392,1
2393,1
2394,5
2395,0
2396,2
2397,2
2398,5
2399,2
2400,1
2401,1
2402,2
2403,1
2404,4
2405,1
2406,2
2407,2
2408,4
2409,1
2410,1
2411,2
2412,1
2413,2
2414,1
2415,1
2416,3
2417,1
2418,3
2419,3
2420,5
2421,5
2422,3
2423,3
2424,3
2425,3
2426,4
2427,0
2428,0
2429,4
2430,5
2431,0
2432,4
2433,0
2434,5
2435,1
2436,5
2437,5
2438,5
2439,0
2440,0
2441,0
2442,0
2443,4
2444,4
2445,3
2446,1
2447,5
2448,3
2449,4
2450,2
2451,5
2452,4
2453,5
2454,4
2455,5
2456,3
2457,5
2458,1
2459,1
2460,4
2461,4
2462,3
2463,0
2464,0
2465,3
2466,5
2467,0
2468,3
2469,3
2470,3
2471,3
2472,5
2473,1
2474,4
2475,4
2476,0
2477,0
2478,0
2479,0
2480,3
2481,0
2482,0
2483,5
2484,0
2485,3
2486,0
2487,3
2488,1
2489,0
2490,3
2491,3
2492,1
2493,1
2494,4
2495,4
2496,1
2497,1
2498,1
2499,1
2500,1
2501,5
2502,5
2503,4
2504,4
2505,1
2506,3
2507,3
2508,1
2509,1
2510,3
2511,3
2512,4
2513,5
2514,3
2515,3
2516,3
2517,1
2518,1
2519,0
2520,4
2521,3
2522,4
2523,3
2524,3
2525,0
2526,3
2527,0
2528,1
2529,3
2530,4
2531,3
2532,4
2533,1
2534,0
2535,5
2536,4
2537,5
2538,4
2539,4
2540,4
2541,5
2542,4
2543,5
2544,4
2545,1
2546,1
2547,4
2548,4
2549,1
2550,1
2551,1
2552,1
2553,1
2554,1
2555,1
2556,4
2557,4
2558,5
2559,1
2560,1
2561,1
2562,1
2563,4
2564,5
2565,1
2566,4
2567,4
2568,4
2569,4
2570,4
2571,4
2572,5
2573,5
2574,4
2575,4
2576,0
2577,2
2578,2
2579,2
2580,5
2581,5
2582,4
2583,5
2584,5
2585,5
2586,1
2587,5
2588,5
2589,0
2590,3
2591,1
2592,2
2593,5
2594,2
2595,5
2596,5
2597,2
2598,2
2599,5
2600,0
2601,0
2602,0
2603,5
2604,5
2605,5
2606,4
2607,0
2608,4
2609,5
2610,5
2611,4
2612,2
2613,2
2614,5
2615,5
2616,2
2617,4
2618,5
2619,0
2620,4
2621,5
2622,4
2623,5
2624,4
2625,5
2626,5
2627,0
2628,4
2629,4
2630,4
2631,4
2632,4
2633,4
2634,4
2635,4
2636,0
2637,0
2638,5
2639,5
2640,4
2641,4
2642,1
2643,5
2644,5
2645,4
2646,0
2647,4
2648,4
2649,5
2650,4
2651,5
2652,0
2653,5
2654,4
2655,1
2656,1
2657,2
2658,0
2659,3
2660,0
2661,0
2662,0
2663,0
2664,4
2665,0
2666,4
2667,4
2668,2
2669,2
2670,4
2671,4
2672,4
2673,5
2674,5
2675,5
2676,0
2677,0
2678,0
2679,5
2680,4
2681,0
2682,2
2683,0
2684,2
2685,2
2686,2
2687,2
2688,0
2689,1
2690,2
2691,0
2692,0
2693,2
2694,2
2695,2
2696,1
2697,2
2698,2
2699,4
2700,2
2701,2
2702,4
2703,0
2704,3
2705,0
2706,3
2707,1
2708,0
2709,0
2710,3
2711,5
2712,0
2713,2
2714,5
2715,4
2716,0
2717,0
2718,1
2719,4
2720,1
2721,1
2722,1
2723,4
2724,4
2725,5
2726,5
2727,1
2728,5
2729,5
2730,0
2731,0
2732,0
2733,4
2734,0
2735,0
2736,2
2737,0
2738,2
2739,4
2740,4
2741,4
2742,4
2743,4
2744,4
2745,4
2746,4
2747,4
2748,4
2749,4
2750,0
2751,0
2752,0
2753,0
2754,4
2755,2
2756,4
2757,0
2758,4
2759,4
2760,2
2761,4
2762,4
2763,4
2764,4
2765,0
2766,0
2767,4
2768,4
2769,1
2770,4
2771,4
2772,0
2773,2
2774,4
2775,0
2776,0
2777,4
2778,4
2779,2
2780,0
2781,0
2782,4
2783,0
2784,0
2785,0
2786,4
2787,4
2788,0
2789,0
2790,4
2791,0
2792,0
2793,0
2794,0
2795,4
2796,0
2797,0
2798,0
2799,0
2800,0
2801,0
2802,3
2803,3
2804,0
2805,4
2806,0
2807,4
2808,4
2809,4
2810,0
2811,0
2812,4
2813,0
2814,4
2815,4
2816,0
2817,0
2818,0
2819,0
2820,0
2821,4
2822,0
2823,4
2824,4
2825,0
2826,5
2827,5
2828,5
2829,3
2830,3
2831,0
2832,3
2833,1
2834,0
2835,0
2836,1
2837,0
2838,0
2839,0
2840,0
2841,1
2842,4
2843,3
2844,3
2845,3
2846,3
2847,3
2848,0
2849,4
2850,4
2851,4
2852,0
2853,0
2854,0
2855,4
2856,0
2857,4
2858,4
2859,4
2860,4
2861,4
2862,4
2863,4
2864,4
2865,0
2866,4
2867,4
2868,4
2869,0
2870,3
2871,5
2872,4
2873,5
2874,4
2875,4
2876,4
2877,3
2878,4
2879,4
2880,2
2881,4
2882,4
2883,4
2884,4
2885,4
2886,4
2887,0
2888,0
2889,4
2890,4
2891,0
2892,4
2893,1
2894,0
2895,3
2896,0
2897,4
2898,0
2899,0
2900,4
2901,0
2902,0
2903,0
2904,4
2905,0
2906,1
2907,4
2908,3
2909,4
2910,4
2911,4
2912,0
2913,4
2914,3
2915,4
2916,0
2917,0
2918,3
2919,0
2920,0
2921,0
2922,4
2923,3
2924,3
2925,0
2926,0
2927,5
2928,3
2929,0
2930,0
2931,0
2932,3
2933,3
2934,4
2935,0
2936,0
2937,4
2938,4
2939,0
2940,0
2941,4
2942,5
2943,3
2944,0
2945,0
2946,0
2947,0
2948,0
2949,0
2950,0
2951,1
2952,4
2953,1
2954,1
2955,1
2956,4
2957,1
2958,5
2959,0
2960,0
2961,0
2962,0
2963,4
2964,4
2965,0
2966,4
2967,4
2968,4
2969,0
2970,4
2971,4
2972,0
2973,0
2974,0
2975,0
2976,4
2977,1
2978,1
2979,0
2980,3
2981,0
2982,3
2983,4
2984,4
2985,1
2986,1
2987,4
2988,3
2989,0
2990,0
2991,3
2992,0
2993,4
2994,0
2995,4
2996,3
2997,3
2998,4
2999,0
3000,0
3001,3
3002,0
3003,0
3004,0
3005,0
3006,0
3007,3
3008,5
3009,5
3010,0
3011,1
3012,0
3013,0
3014,2
3015,3
3016,0
3017,3
3018,3
3019,3
3020,2
3021,2
3022,2
3023,5
3024,5
3025,4
3026,0
3027,0
3028,1
3029,1
3030,5
3031,0
3032,5
3033,0
3034,0
3035,4
3036,0
3037,0
3038,4
3039,4
3040,0
3041,2
3042,1
3043,4
3044,4
3045,1
3046,4
3047,4
3048,2
3049,2
3050,4
3051,4
3052,2
3053,4
3054,4
3055,4
3056,3
3057,1
3058,1
3059,5
3060,4
3061,4
3062,4
3063,3
3064,0
3065,2
3066,2
3067,3
3068,1
3069,4
3070,2
3071,2
3072,0
3073,1
3074,0
3075,3
3076,1
3077,1
3078,3
3079,0
3080,3
3081,2
3082,2
3083,2
3084,2
3085,4
3086,4
3087,4
3088,3
3089,1
3090,3
3091,1
3092,3
3093,3
3094,0
3095,0
3096,3
3097,3
3098,2
3099,2
3100,1
3101,2
3102,1
3103,2
3104,2
3105,2
3106,4
3107,0
3108,3
3109,2
3110,1
3111,1
3112,4
3113,2
3114,2
3115,2
3116,2
3117,3
3118,1
3119,4
3120,2
3121,0
3122,2
3123,2
3124,2
3125,2
3126,2
3127,2
3128,1
3129,2
3130,4
3131,2
3132,4
3133,4
3134,4
3135,3
3136,1
3137,4
3138,4
3139,4
3140,2
3141,4
3142,1
3143,3
3144,4
3145,4
3146,1
3147,3
3148,1
3149,1
3150,0
3151,0
3152,0
3153,0
3154,1
3155,2
3156,1
3157,3
3158,5
3159,3
3160,1
3161,1
3162,5
3163,0
3164,2
3165,5
3166,0
3167,4
3168,2
3169,0
3170,4
3171,2
3172,0
3173,1
3174,3
3175,0
3176,0
3177,2
3178,2
3179,5
3180,3
3181,0
3182,0
3183,2
3184,2
3185,3
3186,3
3187,1
3188,1
3189,3
3190,4
3191,4
3192,2
3193,4
3194,4
3195,4
3196,4
3197,3
3198,2
3199,2
3200,3
3201,2
3202,4
3203,2
3204,3
3205,3
3206,3
3207,3
3208,2
3209,3
3210,3
3211,5
3212,2
3213,2
3214,1
3215,3
3216,2
3217,2
3218,2
3219,2
3220,4
3221,3
3222,3
3223,4
3224,3
3225,0
3226,5
3227,5
3228,2
3229,0
3230,4
3231,4
3232,4
3233,2
3234,2
3235,2
3236,5
3237,2
3238,4
3239,4
3240,0
3241,4
3242,4
3243,3
3244,4
3245,4
3246,4
3247,3
3248,1
3249,2
3250,4
3251,3
3252,2
3253,3
3254,1
3255,1
3256,2
3257,2
3258,2
3259,3
3260,1
3261,0
3262,2
3263,4
3264,0
3265,4
3266,1
3267,3
3268,1
3269,4
3270,4
3271,4
3272,4
3273,1
3274,3
3275,4
3276,3
3277,4
3278,3
3279,1
3280,1
3281,5
3282,5
3283,1
3284,3
3285,3
3286,3
3287,4
3288,0
3289,1
3290,3
3291,4
3292,4
3293,1
3294,4
3295,4
3296,4
3297,4
3298,1
3299,3
3300,1
3301,1
3302,3
3303,4
3304,3
3305,4
3306,3
3307,0
3308,3
3309,1
3310,1
3311,4
3312,1
3313,3
3314,4
3315,4
3316,4
3317,3
3318,1
3319,0
3320,0
3321,5
3322,3
3323,3
3324,3
3325,3
3326,4
3327,0
3328,1
3329,4
3330,1
3331,1
3332,3
3333,4
3334,1
3335,1
3336,3
3337,1
3338,1
3339,4
3340,4
3341,4
3342,2
3343,1
3344,2
3345,4
3346,4
3347,2
3348,3
3349,1
3350,4
3351,2
3352,2
3353,1
3354,3
3355,1
3356,3
3357,3
3358,4
3359,2
3360,4
3361,4
3362,4
3363,1
3364,3
3365,3
3366,5
3367,3
3368,1
3369,5
3370,3
3371,2
3372,3
3373,2
3374,3
3375,3
3376,3
3377,3
3378,5
3379,3
3380,3
3381,3
3382,3
3383,3
3384,3
3385,2
3386,2
3387,3
3388,2
3389,1
3390,2
3391,1
3392,3
3393,1
3394,1
3395,1
3396,1
3397,3
3398,1
3399,1
3400,1
3401,1
3402,1
3403,1
3404,1
3405,5
3406,4
3407,5
3408,5
3409,5
3410,4
3411,3
3412,1
3413,3
3414,3
3415,1
3416,1
3417,5
3418,1
3419,3
3420,3
3421,3
3422,3
3423,5
3424,1
3425,1
3426,3
3427,1
3428,1
3429,1
3430,1
3431,1
3432,3
3433,1
3434,1
3435,1
3436,3
3437,5
3438,5
3439,5
3440,2
3441,1
3442,5
3443,2
3444,4
3445,4
3446,1
3447,3
3448,3
3449,0
3450,1
3451,1
3452,3
3453,3
3454,3
3455,3
3456,1
3457,1
3458,1
3459,0
3460,5
3461,0
3462,4
3463,4
3464,4
3465,0
3466,5
3467,0
3468,0
3469,5
3470,5
3471,0
3472,1
3473,1
3474,1
3475,1
3476,1
3477,1
3478,1
3479,1
3480,1
3481,2
3482,2
3483,1
3484,1
3485,0
3486,3
3487,3
3488,3
3489,3
3490,4
3491,4
3492,4
3493,1
3494,3
3495,3
3496,1
3497,1
3498,1
3499,5
3500,3
3501,5
3502,3
3503,3
3504,1
3505,1
3506,3
3507,3
3508,1
3509,3
3510,2
3511,0
3512,3
3513,3
3514,3
3515,1
3516,1
3517,1
3518,4
3519,1
3520,1
3521,4
3522,2
3523,0
3524,0
3525,4
3526,0
3527,4
3528,1
3529,4
3530,3
3531,3
3532,2
3533,1
3534,3
3535,3
3536,5
3537,0
3538,1
3539,0
3540,2
3541,2
3542,2
3543,1
3544,1
3545,1
3546,1
3547,1
3548,3
3549,3
3550,3
3551,0
3552,0
3553,5
3554,0
3555,0
3556,3
3557,0
3558,1
3559,1
3560,1
3561,1
3562,0
3563,3
3564,4
3565,5
3566,3
3567,0
3568,5
3569,5
3570,3
3571,5
3572,5
3573,2
3574,5
3575,1
3576,1
3577,1
3578,0
3579,0
3580,3
3581,3
3582,0
3583,4
3584,4
3585,0
3586,0
3587,4
3588,4
3589,3
3590,4
3591,4
3592,4
3593,2
3594,1
3595,4
3596,3
3597,3
3598,4
3599,0
3600,0
3601,0
3602,2
3603,3
3604,4
3605,4
3606,1
3607,1
3608,2
3609,3
3610,2
3611,1
3612,1
3613,3
3614,2
3615,4
3616,2
3617,2
3618,2
3619,0
3620,1
3621,5
3622,0
3623,3
3624,3
3625,4
3626,4
3627,4
3628,3
3629,3
3630,3
3631,3
3632,4
3633,4
3634,4
3635,0
3636,4
3637,0
3638,0
3639,3
3640,0
3641,1
3642,1
3643,1
3644,1
3645,0
3646,0
3647,0
3648,4
3649,4
3650,3
3651,0
3652,4
3653,0
3654,0
3655,1
3656,3
3657,4
3658,0
3659,1
3660,1
3661,4
3662,1
3663,2
3664,1
3665,1
3666,1
3667,1
3668,4
3669,4
3670,4
3671,4
3672,2
3673,4
3674,2
3675,1
3676,4
3677,0
3678,4
3679,1
3680,4
3681,0
3682,4
3683,0
3684,0
3685,1
3686,5
3687,4
3688,0
3689,0
3690,1
3691,1
3692,0
3693,1
3694,1
3695,1
3696,3
3697,5
3698,5
3699,1
3700,1
3701,5
3702,1
3703,5
3704,0
3705,0
3706,1
3707,4
3708,3
3709,3
3710,0
3711,0
3712,3
3713,3
3714,5
3715,3
3716,3
3717,2
3718,3
3719,3
3720,2
3721,3
3722,3
3723,2
3724,3
3725,0
3726,0
3727,0
3728,0
3729,0
3730,0
3731,0
3732,0
3733,0
3734,5
3735,0
3736,0
3737,0
3738,3
3739,3
3740,5
3741,5
3742,5
3743,5
3744,5
3745,0
3746,1
3747,1
3748,1
3749,1
3750,1
3751,3
3752,3
3753,3
3754,3
3755,3
3756,3
3757,3
3758,3
3759,3
3760,2
3761,3
3762,5
3763,4
3764,0
3765,0
3766,5
3767,5
3768,3
3769,5
3770,5
3771,5
3772,5
3773,5
3774,3
3775,5
3776,2
3777,5
3778,3
3779,3
3780,3
3781,3
3782,2
3783,5
3784,3
3785,5
3786,5
3787,2
3788,5
3789,3
3790,1
3791,3
3792,3
3793,1
3794,3
3795,2
3796,5
3797,5
3798,5
3799,5
3800,4
3801,5
3802,4
3803,4
3804,5
3805,5
3806,5
3807,2
3808,1
3809,3
3810,3
3811,2
3812,3
3813,3
3814,1
3815,4
3816,4
3817,3
3818,3
3819,4
3820,2
3821,4
3822,3
3823,3
3824,2
3825,4
3826,1
3827,1
3828,1
3829,4
3830,1
3831,4
3832,4
3833,3
3834,3
3835,3
3836,3
3837,4
3838,3
3839,5
3840,2
3841,1
3842,2
3843,5
3844,5
3845,5
3846,3
3847,3
3848,3
3849,3
3850,3
3851,5
3852,1
3853,2
3854,2
3855,3
3856,3
3857,3
3858,3
3859,3
3860,5
3861,3
3862,4
3863,0
3864,4
3865,4
3866,4
3867,3
3868,4
3869,3
3870,3
3871,4
3872,0
3873,4
3874,3
3875,0
3876,3
3877,0
3878,0
3879,0
3880,5
3881,5
3882,4
3883,3
3884,3
3885,3
3886,3
3887,4
3888,4
3889,3
3890,4
3891,4
3892,4
3893,3
3894,4
3895,3
3896,3
3897,2
3898,3
3899,2
3900,2
3901,1
3902,4
3903,4
3904,4
3905,3
3906,3
3907,2
3908,2
3909,3
3910,2
3911,2
3912,3
3913,1
3914,2
3915,2
3916,3
3917,3
3918,3
3919,3
3920,0
3921,0
3922,2
3923,2
3924,2
3925,4
3926,2
3927,2
3928,2
3929,4
3930,3
3931,2
3932,2
3933,2
3934,4
3935,4
3936,4
3937,2
3938,4
3939,4
3940,2
3941,2
3942,4
3943,1
3944,2
3945,1
3946,1
3947,2
3948,2
3949,4
3950,4
3951,2
3952,2
3953,2
3954,2
3955,2
3956,2
3957,2
3958,2
3959,3
3960,2
3961,3
3962,3
3963,2
3964,2
3965,2
3966,1
3967,2
3968,2
3969,2
3970,0
3971,4
3972,0
3973,0
3974,0
3975,3
3976,3
3977,1
3978,0
3979,3
3980,1
3981,1
3982,3
3983,3
3984,3
3985,5
3986,1
3987,2
3988,3
3989,3
3990,4
3991,3
3992,3
3993,2
3994,0
3995,2
3996,3
3997,3
3998,5
3999,2
4000,2
4001,1
4002,1
4003,3
4004,2
4005,1
4006,1
4007,1
4008,1
4009,2
4010,2
4011,1
4012,2
4013,5
4014,2
4015,5
4016,5
4017,2
4018,2
4019,2
4020,1
4021,1
4022,1
4023,1
4024,1
4025,2
4026,0
4027,2
4028,2
4029,2
4030,5
4031,2
4032,4
4033,2
4034,1
4035,1
4036,1
4037,2
4038,1
4039,1
4040,1
4041,1
4042,1
4043,1
4044,5
4045,5
4046,1
4047,2
4048,1
4049,2
4050,1
4051,1
4052,5
4053,1
4054,1
4055,1
4056,1
4057,1
4058,5
4059,1
4060,5
4061,3
4062,5
4063,0
4064,0
4065,0
4066,2
4067,1
4068,3
4069,1
4070,3
4071,2
4072,1
4073,3
4074,5
4075,3
4076,5
4077,1
4078,2
4079,3
4080,1
4081,3
4082,1
4083,5
4084,1
4085,3
4086,1
4087,3
4088,3
4089,1
4090,1
4091,0
4092,0
4093,5
4094,1
4095,1
4096,3
4097,3
4098,1
4099,1
4100,1
4101,3
4102,2
4103,1
4104,0
4105,2
4106,0
4107,0
4108,0
4109,0
4110,2
4111,0
4112,4
4113,4
4114,5
4115,5
4116,0
4117,4
4118,4
4119,5
4120,5
4121,1
4122,3
4123,5
4124,2
4125,4
4126,4
4127,2
4128,1
4129,1
4130,1
4131,0
4132,2
4133,4
4134,4
4135,4
4136,4
4137,4
4138,4
4139,1
4140,1
4141,4
4142,0
4143,0
4144,0
4145,2
4146,2
4147,4
4148,2
4149,4
4150,3
4151,3
4152,1
4153,1
4154,3
4155,3
4156,5
4157,1
4158,3
4159,3
4160,3
4161,3
4162,3
4163,5
4164,1
4165,5
4166,5
4167,0
4168,5
4169,2
4170,3
4171,0
4172,1
4173,1
4174,3
4175,3
4176,0
4177,1
4178,4
4179,1
4180,1
4181,5
4182,3
4183,1
4184,3
4185,1
4186,5
4187,5
4188,3
4189,5
4190,5
4191,5
4192,2
4193,3
4194,3
4195,2
4196,3
4197,3
4198,4
4199,2
4200,3
4201,0
4202,3
4203,0
4204,2
4205,2
4206,3
4207,2
4208,5
4209,2
4210,3
4211,2
4212,3
4213,4
4214,3
4215,4
4216,3
4217,5
4218,4
4219,5
4220,2
4221,5
4222,2
4223,4
4224,3
4225,4
4226,4
4227,4
4228,5
4229,5
4230,0
4231,3
4232,3
4233,3
4234,3
4235,3
4236,5
4237,5
4238,2
4239,2
4240,2
4241,4
4242,4
4243,4
4244,3
4245,2
4246,2
4247,5
4248,5
4249,2
4250,5
4251,2
4252,2
4253,4
4254,4
4255,4
4256,5
4257,2
4258,3
4259,2
4260,2
4261,2
4262,1
4263,2
4264,2
4265,4
4266,2
4267,2
4268,5
4269,5
4270,4
4271,4
4272,4
4273,4
4274,5
4275,5
4276,2
4277,3
4278,2
4279,2
4280,1
4281,4
4282,5
4283,5
4284,5
4285,4
4286,4
4287,5
4288,5
4289,4
4290,5
4291,5
4292,5
4293,5
4294,5
4295,5
4296,2
4297,0
4298,4
4299,4
4300,2
4301,2
4302,5
4303,1
4304,1
4305,3
4306,1
4307,3
4308,3
4309,3
4310,5
4311,4
4312,3
4313,1
4314,1
4315,5
4316,1
4317,0
4318,5
4319,3
4320,5
4321,5
4322,3
4323,1
4324,3
4325,1
4326,5
4327,1
4328,5
4329,5
4330,1
4331,1
4332,1
4333,1
4334,1
4335,5
4336,0
4337,0
4338,0
4339,0
4340,1
4341,3
4342,0
4343,0
4344,0
4345,4
4346,1
4347,1
4348,1
4349,1
4350,4
4351,4
4352,1
4353,4
4354,2
4355,4
4356,5
4357,5
4358,0
4359,5
4360,5
4361,0
4362,0
4363,0
4364,1
4365,0
4366,0
4367,1
4368,1
4369,1
4370,1
4371,0
4372,1
4373,3
4374,3
4375,3
4376,5
4377,5
4378,5
4379,2
4380,5
4381,2
4382,2
4383,2
4384,3
4385,3
4386,3
4387,3
4388,1
4389,1
4390,0
4391,1
4392,3
4393,1
4394,1
4395,2
4396,1
4397,3
4398,1
4399,2
4400,2
4401,2
4402,2
4403,2
4404,3
4405,0
4406,1
4407,0
4408,2
4409,0
4410,3
4411,3
4412,3
4413,0
4414,1
4415,1
4416,0
4417,1
4418,5
4419,2
4420,2
4421,3
4422,3
4423,0
4424,5
4425,3
4426,5
4427,3
4428,5
4429,5
4430,5
4431,0
4432,3
4433,0
4434,1
4435,3
4436,1
4437,1
4438,3
4439,3
4440,3
4441,1
4442,4
4443,3
4444,1
4445,3
4446,3
4447,3
4448,3
4449,0
4450,3
4451,0
4452,3
4453,3
4454,5
4455,3
4456,3
4457,3
4458,3
4459,3
4460,1
4461,2
4462,1
4463,2
4464,2
4465,2
4466,2
4467,5
4468,1
4469,2
4470,1
4471,0
4472,2
4473,1
4474,2
4475,2
4476,0
4477,1
4478,1
4479,5
4480,3
4481,1
4482,1
4483,1
4484,0
4485,1
4486,3
4487,1
4488,1
4489,1
4490,1
4491,0
4492,0
4493,3
4494,3
4495,3
4496,4
4497,3
4498,3
4499,5
4500,3
4501,0
4502,4
4503,5
4504,4
4505,4
4506,5
4507,0
4508,0
4509,0
4510,5
4511,3
4512,4
4513,0
4514,4
4515,0
4516,3
4517,0
4518,3
4519,3
4520,3
4521,3
4522,3
4523,1
4524,3
4525,3
4526,3
4527,5
4528,3
4529,4
4530,3
4531,3
4532,3
4533,3
4534,1
4535,3
4536,1
4537,3
4538,5
4539,3
4540,3
4541,3
4542,3
4543,0
4544,1
4545,5
4546,5
4547,0
4548,0
4549,3
4550,0
4551,0
4552,0
4553,3
4554,5
4555,3
4556,3
4557,3
4558,0
4559,3
4560,4
4561,3
4562,5
4563,0
4564,4
4565,5
4566,3
4567,0
4568,0
4569,4
4570,0
4571,3
4572,4
4573,0
4574,3
4575,3
4576,3
4577,3
4578,3
4579,3
4580,0
4581,3
4582,5
4583,3
4584,3
4585,1
4586,3
4587,3
4588,1
4589,3
4590,5
4591,3
4592,2
4593,3
4594,1
4595,1
4596,5
4597,5
4598,0
4599,5
4600,5
4601,3
4602,0
4603,5
4604,3
4605,3
4606,5
4607,0
4608,0
4609,3
4610,0
4611,0
4612,1
4613,1
4614,3
4615,3
4616,5
4617,3
4618,5
4619,1
4620,3
4621,1
4622,1
4623,1
4624,5
4625,1
4626,3
4627,3
4628,3
4629,3
4630,1
4631,1
4632,1
4633,1
4634,1
4635,3
4636,3
4637,5
4638,5
4639,3
4640,1
4641,3
4642,3
4643,3
4644,1
4645,0
4646,3
4647,5
4648,1
4649,1
4650,0
4651,1
4652,1
4653,1
4654,3
4655,3
4656,5
4657,1
4658,3
4659,1
4660,5
4661,1
4662,0
4663,0
4664,1
4665,3
4666,2
4667,2
4668,1
4669,1
4670,3
4671,2
4672,3
4673,2
4674,2
4675,3
4676,3
4677,3
4678,3
4679,5
4680,3
4681,3
4682,1
4683,5
4684,1
4685,3
4686,5
4687,3
4688,5
4689,3
4690,1
4691,3
4692,3
4693,3
4694,1
4695,1
4696,2
4697,5
4698,1
4699,1
4700,3
4701,3
4702,3
4703,5
4704,5
4705,5
4706,3
4707,2
4708,2
4709,2
4710,4
4711,4
4712,4
4713,4
4714,1
4715,3
4716,2
4717,2
4718,5
4719,3
4720,4
4721,5
4722,2
4723,5
4724,1
4725,1
4726,3
4727,3
4728,3
4729,1
4730,3
4731,1
4732,1
4733,2
4734,1
4735,1
4736,3
4737,3
4738,3
4739,3
4740,3
4741,1
4742,5
4743,1
4744,1
4745,5
4746,5
4747,1
4748,1
4749,1
4750,1
4751,3
4752,3
4753,3
4754,5
4755,3
4756,1
4757,3
4758,3
4759,4
4760,4
4761,3
4762,3
4763,2
4764,3
4765,3
4766,2
4767,2
4768,2
4769,1
4770,2
4771,4
4772,5
4773,3
4774,4
4775,3
4776,3
4777,1
4778,2
4779,0
4780,4
4781,2
4782,2
4783,2
4784,4
4785,5
4786,5
4787,5
4788,5
4789,0
4790,4
4791,4
4792,2
4793,4
4794,2
4795,2
4796,4
4797,3
4798,2
4799,3
4800,3
4801,2
4802,3
4803,2
4804,0
4805,3
4806,2
4807,2
4808,5
4809,5
4810,4
4811,4
4812,4
4813,5
4814,3
4815,3
4816,3
4817,3
4818,3
4819,3
4820,3
4821,3
4822,2
4823,3
4824,4
4825,3
4826,1
4827,3
4828,3
4829,4
4830,3
4831,3
4832,1
4833,1
4834,1
4835,1
4836,1
4837,1
4838,3
4839,2
4840,3
4841,3
4842,2
4843,3
4844,3
4845,3
4846,3
4847,4
4848,2
4849,4
4850,2
4851,2
4852,5
4853,2
4854,2
4855,2
4856,4
4857,2
4858,3
4859,1
4860,3
4861,3
4862,1
4863,2
4864,3
4865,4
4866,4
4867,5
4868,3
4869,4
4870,3
4871,3
4872,2
4873,2
4874,2
4875,5
4876,3
4877,2
4878,5
4879,5
4880,3
4881,5
4882,5
4883,5
4884,5
4885,1
4886,1
4887,3
4888,1
4889,5
4890,3
4891,1
4892,3
4893,0
4894,0
4895,5
4896,3
4897,0
4898,2
4899,2
4900,0
4901,0
4902,2
4903,3
4904,3
4905,5
4906,0
4907,2
4908,1
4909,2
4910,1
4911,1
4912,1
4913,1
4914,5
4915,1
4916,1
4917,1
4918,3
4919,1
4920,5
4921,3
4922,3
4923,1
4924,1
4925,3
4926,0
4927,1
4928,0
4929,0
4930,0
4931,0
4932,2
4933,2
4934,2
4935,2
4936,5
4937,0
4938,1
4939,3
4940,1
4941,0
4942,1
4943,4
4944,1
4945,1
4946,1
4947,3
4948,3
4949,1
4950,3
4951,3
4952,3
4953,3
4954,5
4955,0
4956,1
4957,1
4958,1
4959,3
4960,0
4961,3
4962,0
4963,0
4964,0
4965,5
4966,1
4967,0
4968,0
4969,0
4970,1
4971,3
4972,2
4973,1
4974,1
4975,3
4976,3
4977,3
4978,1
4979,3
4980,5
4981,5
4982,5
4983,3
4984,5
4985,5
4986,3
4987,1
4988,1
4989,0
4990,0
4991,0
4992,3
4993,3
4994,3
4995,5
4996,3
4997,3
4998,3
4999,3
5000,1
5001,1
5002,3
5003,0
5004,1
5005,1
5006,1
5007,4
5008,1
5009,3
5010,1
5011,2
5012,3
5013,2
5014,2
5015,2
5016,3
5017,1
5018,1
5019,1
5020,1
5021,1
5022,1
5023,1
5024,5
5025,4
5026,1
5027,5
5028,1
5029,1
5030,1
5031,3
5032,3
5033,1
5034,1
5035,1
5036,0
5037,2
5038,1
5039,1
5040,3
5041,2
5042,2
5043,4
5044,5
5045,5
5046,0
5047,0
5048,5
5049,2
5050,1
5051,2
5052,2
5053,3
5054,1
5055,2
5056,1
5057,1
5058,0
5059,1
5060,1
5061,0
5062,5
5063,3
5064,3
5065,3
5066,3
5067,1
5068,0
5069,1
5070,1
5071,1
5072,3
5073,0
5074,5
5075,2
5076,1
5077,1
5078,1
5079,4
5080,4
5081,1
5082,4
5083,1
5084,1
5085,3
5086,3
5087,2
5088,2
5089,1
5090,3
5091,3
5092,0
5093,1
5094,2
5095,2
5096,2
5097,1
5098,1
5099,4
5100,2
5101,0
5102,0
5103,1
5104,4
5105,1
5106,4
5107,4
5108,1
5109,4
5110,3
5111,3
5112,4
5113,4
5114,2
5115,2
5116,3
5117,2
5118,3
5119,2
5120,4
5121,2
5122,0
5123,2
5124,3
5125,3
5126,3
5127,3
5128,1
5129,3
5130,3
5131,3
5132,3
5133,2
5134,3
5135,2
5136,4
5137,2
5138,4
5139,3
5140,2
5141,0
5142,0
5143,2
5144,1
5145,4
5146,2
5147,2
5148,0
5149,0
5150,0
5151,1
5152,5
5153,5
5154,0
5155,4
5156,0
5157,4
5158,4
5159,2
5160,2
5161,4
5162,2
5163,4
5164,0
5165,4
5166,2
5167,1
5168,1
5169,2
5170,1
5171,1
5172,4
5173,4
5174,1
5175,1
5176,4
5177,4
5178,3
5179,4
5180,3
5181,3
5182,1
5183,0
5184,0
5185,0
5186,0
5187,1
5188,2
5189,0
5190,0
5191,1
5192,1
5193,1
5194,2
5195,1
5196,1
5197,1
5198,3
5199,1
5200,0
5201,0
5202,5
5203,0
5204,1
5205,1
5206,1
5207,1
5208,5
5209,1
5210,5
5211,2
5212,5
5213,2
5214,0
5215,2
5216,5
5217,0
5218,4
5219,0
5220,5
5221,1
5222,5
5223,1
5224,0
5225,0
5226,2
5227,0
5228,2
5229,5
5230,1
5231,0
5232,0
5233,0
5234,5
5235,5
5236,1
5237,0
5238,1
5239,1
5240,2
5241,1
5242,1
5243,4
5244,1
5245,1
5246,2
5247,1
5248,1
5249,1
5250,0
5251,0
5252,2
5253,2
5254,2
5255,5
5256,1
5257,1
5258,4
5259,4
5260,3
5261,5
5262,3
5263,3
5264,5
5265,4
5266,3
5267,5
5268,3
5269,1
5270,5
5271,0
5272,4
5273,0
5274,3
5275,0
5276,2
5277,0
5278,0
5279,0
5280,0
5281,0
5282,4
5283,4
5284,0
5285,4
5286,1
5287,3
5288,1
5289,4
5290,4
5291,3
5292,1
5293,0
5294,4
5295,3
5296,1
5297,1
5298,1
5299,1
5300,0
5301,3
5302,1
5303,3
5304,3
5305,3
5306,1
5307,3
5308,3
5309,3
5310,1
5311,3
5312,1
5313,3
5314,3
5315,1
5316,1
5317,0
5318,1
5319,0
5320,0
5321,0
5322,0
5323,0
5324,3
5325,1
5326,3
5327,1
5328,1
5329,0
5330,3
5331,2
5332,1
5333,1
5334,1
5335,1
5336,0
5337,0
5338,0
5339,1
5340,1
5341,1
5342,0
5343,0
5344,4
5345,4
5346,4
5347,0
5348,1
5349,1
5350,4
5351,0
5352,1
5353,1
5354,0
5355,0
5356,4
5357,0
5358,0
5359,0
5360,1
5361,1
5362,1
5363,3
5364,3
5365,3
5366,1
5367,5
5368,3
5369,3
5370,4
5371,4
5372,1
5373,4
5374,1
5375,4
5376,0
5377,1
5378,3
5379,1
5380,0
5381,3
5382,3
5383,0
5384,0
5385,1
5386,1
5387,1
5388,3
5389,4
5390,4
5391,4
5392,0
5393,0
5394,0
5395,1
5396,1
5397,3
5398,4
5399,0
5400,3
5401,4
5402,3
5403,3
5404,3
5405,1
5406,0
5407,2
5408,4
5409,4
5410,4
5411,3
5412,1
5413,1
5414,3
5415,1
5416,5
5417,4
5418,1
5419,4
5420,5
5421,3
5422,1
5423,1
5424,2
5425,4
5426,5
5427,1
5428,2
5429,1
5430,4
5431,1
5432,3
5433,3
5434,1
5435,4
5436,4
5437,1
5438,4
5439,4
5440,4
5441,1
5442,1
5443,1
5444,1
5445,4
5446,4
5447,4
5448,4
5449,4
5450,4
5451,4
5452,4
5453,5
5454,5
5455,0
5456,3
5457,3
5458,3
5459,3
5460,5
5461,2
5462,0
5463,0
5464,4
5465,4
5466,4
5467,3
5468,3
5469,0
5470,0
5471,0
5472,0
5473,4
5474,4
5475,1
5476,1
5477,1
5478,0
5479,1
5480,1
5481,0
5482,1
5483,3
5484,0
5485,3
5486,1
5487,1
5488,0
5489,0
5490,3
5491,3
5492,2
5493,1
5494,1
5495,5
5496,1
5497,0
5498,0
5499,2
5500,2
5501,3
5502,2
5503,2
5504,3
5505,3
5506,0
5507,3
5508,3
5509,1
5510,1
5511,3
5512,1
5513,1
5514,1
5515,1
5516,4
5517,3
5518,0
5519,4
5520,0
5521,0
5522,4
5523,0
5524,4
5525,4
5526,0
5527,0
5528,0
5529,0
5530,0
5531,0
5532,0
5533,3
5534,0
5535,0
5536,5
5537,0
5538,4
5539,0
5540,5
5541,3
5542,4
5543,4
5544,0
5545,4
5546,3
5547,3
5548,0
5549,1
5550,1
5551,1
5552,2
5553,0
5554,2
5555,4
5556,0
5557,0
5558,1
5559,4
5560,2
5561,3
5562,4
5563,1
5564,0
5565,1
5566,1
5567,1
5568,1
5569,2
5570,0
5571,0
5572,5
5573,5
5574,1
5575,0
5576,2
5577,5
5578,1
5579,1
5580,1
5581,0
5582,0
5583,0
5584,0
5585,0
5586,0
5587,0
5588,4
5589,4
5590,5
5591,1
5592,1
5593,4
5594,1
5595,4
5596,0
5597,1
5598,1
5599,1
5600,0
5601,5
5602,1
5603,4
5604,4
5605,4
5606,4
5607,4
5608,4
5609,4
5610,5
5611,0
5612,0
5613,0
5614,4
5615,4
5616,0
5617,4
5618,0
5619,4
5620,4
5621,2
5622,0
5623,0
5624,0
5625,5
5626,0
5627,0
5628,0
5629,5
5630,0
5631,4
5632,5
5633,0
5634,0
5635,0
5636,5
5637,0
5638,0
5639,0
5640,2
5641,2
5642,2
5643,0
5644,0
5645,4
5646,4
5647,1
5648,1
5649,2
5650,0
5651,0
5652,5
5653,5
5654,5
5655,5
5656,0
5657,5
5658,0
5659,0
5660,2
5661,2
5662,0
5663,4
5664,2
5665,0
5666,2
5667,0
5668,2
5669,5
5670,2
5671,2
5672,2
5673,5
5674,0
5675,5
5676,0
5677,0
5678,2
5679,3
5680,4
5681,2
5682,4
5683,4
5684,2
5685,2
5686,0
5687,0
5688,0
5689,0
5690,0
5691,2
5692,5
5693,0
5694,2
5695,0
5696,0
5697,0
5698,0
5699,4
5700,4
5701,1
5702,2
5703,1
5704,0
5705,1
5706,0
5707,1
5708,3
5709,1
5710,1
5711,1
5712,0
5713,5
5714,4
5715,3
5716,4
5717,0
5718,0
5719,1
5720,0
5721,0
5722,4
5723,0
5724,0
5725,0
5726,0
5727,1
5728,0
5729,3
5730,3
5731,1
5732,3
5733,0
5734,0
5735,3
5736,1
5737,0
5738,0
5739,3
5740,3
5741,2
5742,3
5743,3
5744,0
5745,4
5746,4
5747,3
5748,0
5749,0
5750,1
5751,3
5752,3
5753,0
5754,4
5755,1
5756,3
5757,3
5758,0
5759,0
5760,0
5761,0
5762,0
5763,0
5764,0
5765,0
5766,1
5767,0
5768,1
5769,1
5770,1
5771,3
5772,1
5773,1
5774,0
5775,1
5776,3
5777,3
5778,1
5779,0
5780,5
5781,0
5782,0
5783,5
5784,0
5785,2
5786,1
5787,1
5788,5
5789,0
5790,0
5791,2
5792,0
5793,1
5794,2
5795,3
5796,3
5797,2
5798,2
5799,2
5800,0
5801,0
5802,1
5803,0
5804,0
5805,0
5806,0
5807,0
5808,3
5809,0
5810,1
5811,1
5812,1
5813,4
5814,1
5815,3
5816,3
5817,3
5818,1
5819,0
5820,0
5821,4
5822,0
5823,2
5824,4
5825,4
5826,4
5827,0
5828,0
5829,1
5830,3
5831,0
5832,3
5833,1
5834,2
5835,0
5836,1
5837,1
5838,1
5839,1
5840,3
5841,2
5842,0
5843,0
5844,3
5845,0
5846,3
5847,1
5848,1
5849,0
5850,1
5851,0
5852,0
5853,3
5854,4
5855,4
5856,4
5857,0
5858,3
5859,0
5860,0
5861,0
5862,4
5863,2
5864,2
5865,2
5866,0
5867,2
5868,0
5869,4
5870,5
5871,0
5872,4
5873,4
5874,4
5875,0
5876,4
5877,5
5878,1
5879,1
5880,5
5881,2
5882,5
5883,0
5884,2
5885,2
5886,2
5887,5
5888,3
5889,5
5890,0
5891,5
5892,0
5893,3
5894,5
5895,5
5896,5
5897,0
5898,0
5899,4
5900,4
5901,5
5902,3
5903,3
5904,0
5905,0
5906,3
5907,3
5908,4
5909,5
5910,4
5911,4
5912,4
5913,2
5914,5
5915,4
5916,4
5917,3
5918,1
5919,3
5920,4
5921,2
5922,0
5923,4
5924,4
5925,0
5926,2
5927,5
5928,0
5929,1
5930,1
5931,0
5932,0
5933,3
5934,1
5935,3
5936,3
5937,5
5938,3
5939,2
5940,5
5941,4
5942,4
5943,5
5944,3
5945,1
5946,0
5947,0
5948,0
5949,0
5950,0
5951,3
5952,4
5953,4
5954,4
5955,3
5956,5
5957,4
5958,3
5959,3
5960,4
5961,3
5962,0
5963,3
5964,3
5965,2
5966,5
5967,5
5968,0
5969,3
5970,5
5971,5
5972,3
5973,5
5974,0
5975,1
5976,3
5977,1
5978,1
5979,3
5980,1
5981,0
5982,3
5983,3
5984,3
5985,0
5986,3
5987,3
5988,1
5989,3
5990,5
5991,1
5992,0
5993,0
5994,1
5995,5
5996,1
5997,5
5998,5
5999,2
6000,2
6001,2
